"Trimestre";"Valor_Total"
"2018Q1";9214708.51
"2018Q2";24329411.79
"2018Q3";17807820.989999995
"2018Q4";28684705.770000007
"2019Q1";14924051.069999998
"2019Q2";48639438.83
"2019Q3";35105020.449999996
"2019Q4";41333096.42999999
"2020Q1";72307629.80000001
"2020Q2";49069698.09999999
"2020Q3";52073231.25000001
"2020Q4";43522269.02
"2021Q1";47535693.629999995
"2021Q2";33542666.979999997
